{
    "counter": {
        "ACTIVE": 6946,
        "INACTIVE": 3619,
        "INVALID": 0,
        "MALICIOUS": 0,
        "SANE": 0,
        "VALID": 0,
        "total": 10565
    },
    "percentage": {
        "ACTIVE": 65.74538570752485,
        "INACTIVE": 34.25461429247515,
        "INVALID": 0.0,
        "MALICIOUS": 0.0,
        "SANE": 0.0,
        "VALID": 0.0,
        "total": 100.0
    }
}