{
    "counter": {
        "ACTIVE": 8044,
        "INACTIVE": 2521,
        "INVALID": 0,
        "MALICIOUS": 0,
        "SANE": 0,
        "VALID": 0,
        "total": 10565
    },
    "percentage": {
        "ACTIVE": 76.13819214387128,
        "INACTIVE": 23.864066641423705,
        "INVALID": 0,
        "MALICIOUS": 0,
        "SANE": 0,
        "VALID": 0,
        "total": 100.00225878529498
    }
}