{
    "counter": {
        "ACTIVE": 17951,
        "INACTIVE": 3049,
        "INVALID": 0,
        "MALICIOUS": 0,
        "SANE": 0,
        "VALID": 0,
        "total": 21000
    },
    "percentage": {
        "ACTIVE": 85.48095238095237,
        "INACTIVE": 14.524580792682928,
        "INVALID": 0,
        "MALICIOUS": 0,
        "SANE": 0,
        "VALID": 0,
        "total": 100.0055331736353
    }
}