{
    "counter": {
        "ACTIVE": 8156,
        "INACTIVE": 2409,
        "INVALID": 0,
        "MALICIOUS": 0,
        "SANE": 0,
        "VALID": 0,
        "total": 10565
    },
    "percentage": {
        "ACTIVE": 77.19829626123995,
        "INACTIVE": 22.80386217341916,
        "INVALID": 0,
        "MALICIOUS": 0,
        "SANE": 0,
        "VALID": 0,
        "total": 100.00215843465911
    }
}