{
    "counter": {
        "ACTIVE": 8218,
        "INACTIVE": 2347,
        "INVALID": 0,
        "MALICIOUS": 0,
        "SANE": 0,
        "VALID": 0,
        "total": 10565
    },
    "percentage": {
        "ACTIVE": 77.78513961192617,
        "INACTIVE": 22.216963271488073,
        "INVALID": 0,
        "MALICIOUS": 0,
        "SANE": 0,
        "VALID": 0,
        "total": 100.00210288341424
    }
}