{
    "counter": {
        "ACTIVE": 8449,
        "INACTIVE": 2116,
        "INVALID": 0,
        "MALICIOUS": 0,
        "SANE": 0,
        "VALID": 0,
        "total": 10565
    },
    "percentage": {
        "ACTIVE": 79.97160435399906,
        "INACTIVE": 20.0302915562287,
        "INVALID": 0,
        "MALICIOUS": 0,
        "SANE": 0,
        "VALID": 0,
        "total": 100.00189591022776
    }
}