{
    "counter": {
        "ACTIVE": 8301,
        "INACTIVE": 2264,
        "INVALID": 0,
        "MALICIOUS": 0,
        "SANE": 0,
        "VALID": 0,
        "total": 10565
    },
    "percentage": {
        "ACTIVE": 78.57075248461902,
        "INACTIVE": 21.431276031806135,
        "INVALID": 0,
        "MALICIOUS": 0,
        "SANE": 0,
        "VALID": 0,
        "total": 100.00202851642516
    }
}