{
    "counter": {
        "ACTIVE": 8091,
        "INACTIVE": 2474,
        "INVALID": 0,
        "MALICIOUS": 0,
        "SANE": 0,
        "VALID": 0,
        "total": 10565
    },
    "percentage": {
        "ACTIVE": 76.58305726455276,
        "INACTIVE": 23.419159409314652,
        "INVALID": 0,
        "MALICIOUS": 0,
        "SANE": 0,
        "VALID": 0,
        "total": 100.00221667386742
    }
}