{
    "counter": {
        "ACTIVE": 6732,
        "INACTIVE": 3833,
        "INVALID": 0,
        "MALICIOUS": 0,
        "SANE": 0,
        "VALID": 0,
        "total": 10565
    },
    "percentage": {
        "ACTIVE": 63.719829626123996,
        "INACTIVE": 36.280170373876004,
        "INVALID": 0.0,
        "MALICIOUS": 0.0,
        "SANE": 0.0,
        "VALID": 0.0,
        "total": 100.0
    }
}