{
    "counter": {
        "ACTIVE": 13061,
        "INACTIVE": 7938,
        "INVALID": 1,
        "MALICIOUS": 0,
        "SANE": 0,
        "VALID": 0,
        "total": 21000
    },
    "percentage": {
        "ACTIVE": 62.213013241878635,
        "INACTIVE": 37.8,
        "INVALID": 0.017304031839418584,
        "MALICIOUS": 0,
        "SANE": 0,
        "VALID": 0,
        "total": 100.03031727371805
    }
}